insert into Officer values
('6482 Maple Dr', 45935828, 'Reggie Andrews', '2003-02-15');

insert into Officer values
('333 York St', 12546322, 'Chris Spaidel', '2003-21-04');

insert into Officer values
('7982 Coombs Blvd', 34565328, 'Darren Krause', '2005-01-18');

insert into Officer values
('59 Alaska Way', 24454532, 'Emilia Liu', '2006-05-31');

insert into Officer values
('1778 Barrett Ave', 15565757, 'Sonia La Fleur', '2006-08-06');

insert into Officer values
('224 Dry Pine Bay Rd', 35482235, 'Richard Currey', '2004-12-31');

insert into Officer values
('348 Lock Street', 31837580, 'Audra W. Rodriguez', '2008-05-30');

insert into Officer values
('3893 Landon Street', 18078143, 'Judy Rich', '2014-07-25');

insert into Record values
('XTY-PHW', 'Champion, 1  Counts Homicide', '2006-12-10');

insert into Record values
('PSH-TED','Curtis Frisch, 2 Counts Arson', '2008-07-11');

insert into Record values
('MEP-HGF','John Yoder, 3 Counts Burglary', '2012-06-13');

insert into Record values
('WEH-XQR','Bobby Johnson, 2 Counts Assault', '2016-05-07');

insert into Record values
('LKS-PYT','Andrew Rice, 8 Counts Public Indecency', '2017-09-22');

insert into Record values
('LBN-LOH', 'June V. Parker, 1 Count Tax Evasion','2007-11-07');

insert into Record values
('CTQ-III', 'Larry K. Smith, 1 Count Tax Evasion','2012-05-18');

insert into Record values
('BJK-YHA', 'Mary G. Ledoux, 1 count Bribing a Public Official','2006-01-16');

insert into Record values
('UTB-MCF', 'Bridgette K. Ledoux, 20 Counts Extorsion','2013-12-02');

insert into Record values
('KUI-SHJ', 'Shirley S. Price, 4 Counts False Pretenses','2008-02-21');

insert into Record values
('SFR-DMV', 'Joyce J. Sommerville, 3 Counts Theft','2012-12-21');

insert into Record values
('RHB-CNQ', 'Kathy G. Schwartz, 1 Count Theft','2017-07-04');

insert into Record values
('RUA-CCB', 'Tawnya G. Knauss, 1 Count Theft','2014-01-10');

insert into Record values
('TBM-TIT', 'Joanne A. Moore, 1 Count Homicide','2013-05-24');

insert into Record values
('GBV-DDW', 'Lois M. Jones, 1 Count tax Evasion','2012-06-12');


insert into Court values
('XTY-PHW',8641000,'Bashir Jehangiri','Olivia Champion was found guilty and charged with a first degree murder. Serving time: 15 years', 'guilty', '2007-02-19');
 
insert into Court values
('PSH-TED',12448675,'Abdul Hameed Dogar','Curtis Fisch was found guilty and charged with arson - damage to Betty Boudreauxs property. Serving time: 3 months + 1 year community service', 'guilty', '2009-12-30');

insert into Court values
('MEP-HGF',36723099,'Hamoodur Rahman','John Yonder was found not guilty', 'guilty', '2013-05-27');

insert into Court values
('WEH-XQR',59871234,'Alvin Robert Cornelius','Bobby Johnson was charged with domestic assault and found guilty. Serving time: 8 months + $20,000 fine', 'guilty', '2016-08-26');

insert into Court values
('LKS-PYT',35178008,'Ajmal Mian','Andrew Rice was charged with public indecency and found guilty for. Serving time: 14 months + $100,000 fine', 'guilty', '2016-11-29');

insert into Court values
('LBN-LOH',68888757,'Alvin Robert Cornelius','June V. Parker was charged with tax evasion and was found guilty. Her accountant Karen Rickard was not found at fault. Serving time: 5 years', 'guilty', '2007-12-25');

insert into Court values
('CTQ-III',07053819,'Ajmal Mian','Larry K. Smith was charged with tax evasion and was found not guilty','guilty', '2012-08-22');

insert into Court values
('BJK-YHA',89355176,'Bashir Jehangiri','Mary G. Ledoux was charged with bribing a public official and was found guilty. Serving time: 12 years','guilty', '2006-08-01');

insert into Court values
('UTB-MCF',90813591,'Hamoodur Rahman','Bridgette K. Ledoux was charged with extorsion and was found guilty. Peggy Baker, Gayle Rice were compensated. Serving time: 25 years + $50,000 fine','guilty', '2013-09-21');

insert into Court values
('KUI-SHJ',75073947,'Hamoodur Rahman','Shirley S. Price was found not guilty','guilty','2017-07-11');

insert into Court values
('SFR-DMV',88525275,'Alvin Robert Cornelius','Joyce J. Sommerville was charged with 3 counts theft was was found guilty. Serving time: none + $10,000 fine','guilty','2013-02-28');

insert into Court values
('RHB-CNQ',88966469,'Bashir Jehangiri','Kathy G. Schwartz was charged with theft and was found guilty. Restitution owed to Susan Cohrs. Serving 120 hours Community service','guilty','2018-01-02');

insert into Court values
('RUA-CCB',21460264,'Ajmal Mian','Tawnya G. Knauss was charged with theft and was found guilty. Serving time: 3 months','guilty','2014-02-14');

insert into Court values
('TBM-TIT',41055566,'Bashir Jehangiri','Joanna A. Moore was charged with homicide and was found not guilty. Witness/survivor Jeannette Osborn reported the incident.','guilty','2013-04-09');


insert into People values
('587-230-4753',362551764,'Olivia Champion','1395 Churchill Plaza', 20);

insert into People values
('604-221-2683',360978753,'Curtis Frisch','2231 Glen Long Ave', 43);

insert into People values
('403-879-2849',251161287,'John Yoder','4888 Dundas St ', 21);

insert into People values
('289-298-3966',580372514,'Bobby Johnson','2540 Maclaren St', 66);

insert into People values
('289-857-7824',321470635,'Andrew Rice','1308 Bay St', 30);

insert into People values
('613-524-4145',106225829,'June V. Parker','2574 Dominion St', 38);

insert into People values
('905-251-7486',253585300,'Larry K. Smith','4301 Davis Drive', 55);

insert into People values
('778-893-6124',690192607,'Mary G. Ledoux','4328 Royal Avenue', 52);

insert into People values
('250-509-0563',322859865,'Bridgette K. Ledoux','4688 102nd Avenue', 34);

insert into People values
('867-994-8404',970216780,'Shirley S. Price','4591 47th Avenue', 27);

insert into People values
('780-621-3871',573160412,'Joyce J. Sommerville','4291 Park Ct', 82);

insert into People values
('403-522-6865',555839346,'Tawnya G. Knauss','2517 Port Wash Road', 69);

insert into People values
('780-918-8496',785088672,'Kathy G. Schwartz','26 184th Street', 42);

insert into People values
('613-850-7191',857181190,'Joanne A. Moore','639 Carling Avenue', 38);

insert into People values
('450-560-2186',850346910,'Lois M. Jones','413 St-Jerome Street', 17);

insert into People values
('905-456-1291',228844098,'Betty G. Boudreaux','4770 Orenda Rd', 43);

insert into People values
('450-560-2186',850346920,'Susan J. Cohrs','386 Vict Park Ave', 37);

insert into People values
('780-795-9580',342497286,'Karen M. Rickard','4899 Park Ct', 56);

insert into People values
('317-208-8758',077916732,'Jeanette S. Osborn','4710 Henery Street', 71);

insert into People values
('514-499-4818',256828674,'Peggy D. Baker','2931 rue Ont Ouest', 33);

insert into People values
('867-634-5372',171430713,'Gayle K. Rice','4009 47th Avenue', 36);


-- Victim
insert into Victim values(228844098);

insert into Victim values(850346920);

insert into Victim values(342497286);

insert into Victim values(077916732);

insert into Victim values(256828674);

insert into Victim values(171430713);	

-- Suspect
insert into Suspect values(362551764);

insert into Suspect values(360978753);

insert into Suspect values(251161287);

insert into Suspect values(580372514);

insert into Suspect values(321470635);

insert into Suspect values(106225829);

insert into Suspect values(253585300);

insert into Suspect values(690192607);

insert into Suspect values(322859865);

insert into Suspect values(970216780);

insert into Suspect values(573160412);

insert into Suspect values(785088672);

insert into Suspect values(555839346);

insert into Suspect values(857181190);

insert into Suspect values(850346910);



insert into peopleInvolved  values
('XTY-PHW',362551764);

insert into peopleInvolved  values
('PSH-TED',360978753);

insert into peopleInvolved  values
('PSH-TED',228844098);

insert into peopleInvolved  values
('MEP-HGF',251161287);

insert into peopleInvolved  values
('MEP-HGF',580372514);

insert into peopleInvolved  values
('LKS-PYT',321470635);

insert into peopleInvolved values
('LBN-LOH',106225829);

insert into peopleInvolved values
('LBN-LOH',342497286);

insert into peopleInvolved values
('CTQ-III',253585300);

insert into peopleInvolved values
('BJK-YHA',690192607);

insert into peopleInvolved values
('UTB-MCF',322859865);

insert into peopleInvolved values
('UTB-MCF',256828674);

insert into peopleInvolved values
('UTB-MCF',171430713);

insert into peopleInvolved values
('SFR-DMV',573160412);

insert into peopleInvolved values
('RHB-CNQ',785088672);

insert into peopleInvolved values
('RHB-CNQ',850346910);

insert into peopleInvolved values
('RUA-CCB',555839346);

insert into peopleInvolved values
('TBM-TIT',857181190);

insert into peopleInvolved values
('TBM-TIT',077916732);

insert into peopleInvolved values
('GBV-DDW',850346910);


insert into Charge values
(45935828,'XTY-PHW');

insert into Charge values
(12546322,'PSH-TED');

insert into Charge values
(34565328,'MEP-HGF');

insert into Charge values
(24454532,'WEH-XQR');

insert into Charge values
(15565757,'LKS-PYT');

insert into Charge values
(35482235,'LBN-LOH');

insert into Charge values
(24454532,'CTQ-III');

insert into Charge values
(12546322,'BJK-YHA');

insert into Charge values
(31837580,'UTB-MCF');

insert into Charge values
(24454532,'KUI-SHJ');

insert into Charge values
(15565757,'SFR-DMV');

insert into Charge values
(18078143,'RHB-CNQ');

insert into Charge values
(34565328,'RUA-CCB');

insert into Charge values
(31837580,'TBM-TIT');

insert into Charge values
(35482235,'GBV-DDW');


insert into CriminalType values
('Homicide');

insert into CriminalType values
('Arson');

insert into CriminalType values
('Assault');

insert into CriminalType values
('Burglary');

insert into CriminalType values
('Public indecency');

insert into CriminalType values
('Tax Evasion');

insert into CriminalType values
('Bribery');

insert into CriminalType values
('Extortion');

insert into CriminalType values
('False Pretenses');

insert into CriminalType values
('Theft');


insert into CriminalRecordType values
('XTY-PHW', 'Homicide');

insert into CriminalRecordType values
('PSH-TED','Arson');

insert into CriminalRecordType values
('WEH-XQR','Assault');

insert into CriminalRecordType values
('MEP-HGF','Burglary');

insert into CriminalRecordType values
('LKS-PYT', 'Public indecency');

insert into CriminalRecordType values
('LBN-LOH', 'Tax Evasion');

insert into CriminalRecordType values
('CTQ-III', 'Tax Evasion');

insert into CriminalRecordType values
('BJK-YHA', 'Bribery');

insert into CriminalRecordType values
('UTB-MCF','Extortion');

insert into CriminalRecordType values
('KUI-SHJ','False Pretenses');

insert into CriminalRecordType values
('SFR-DMV', 'Theft');

insert into CriminalRecordType values
('RHB-CNQ', 'Theft');

insert into CriminalRecordType values
('RUA-CCB', 'Theft');

insert into CriminalRecordType values
('TBM-TIT', 'Homicide');

insert into CriminalRecordType values
('GBV-DDW', 'Tax Evasion');


